{
  "final_accuracy": 0.786697247706422,
  "final_f1": 0.7858138945233266,
  "final_loss": 1.2494989122663225,
  "avg_epoch_time": 235.88231906890869,
  "avg_throughput": 285.5286621056433,
  "grad_norm_variance": 0.06970820307720185,
  "loss_oscillation": 0.060525871049033224,
  "final_epsilon": 3.993677572322581,
  "convergence_curve": [
    0.8628702738455364,
    1.0198137504713876,
    1.0966381941522871,
    1.246941706963948,
    1.310951360634395,
    1.269454641001565,
    1.3517626864569527,
    1.4592866727284022,
    1.4652679221970695,
    1.5449043342045374,
    1.3864317962101527,
    1.2778199315071106,
    1.5088161102363042,
    1.360149051461901,
    1.4335197636059351,
    1.3433691135474615,
    1.3935943288462502,
    1.3686980264527457,
    1.249172615153449,
    1.2494989122663225
  ],
  "accuracy_curve": [
    0.8176605504587156,
    0.7981651376146789,
    0.7798165137614679,
    0.7752293577981652,
    0.7603211009174312,
    0.7855504587155964,
    0.7614678899082569,
    0.7442660550458715,
    0.7419724770642202,
    0.7442660550458715,
    0.7545871559633027,
    0.7649082568807339,
    0.7545871559633027,
    0.7614678899082569,
    0.7477064220183486,
    0.7660550458715596,
    0.7637614678899083,
    0.7729357798165137,
    0.7740825688073395,
    0.786697247706422
  ]
}