{
  "final_accuracy": 0.7981651376146789,
  "final_f1": 0.7973292765382014,
  "final_loss": 1.21192239012037,
  "avg_epoch_time": 237.86977775096892,
  "avg_throughput": 283.1376735623707,
  "grad_norm_variance": 0.07457793873285509,
  "loss_oscillation": 0.06287175685334027,
  "final_epsilon": 7.99222511195344,
  "convergence_curve": [
    0.847509286233357,
    0.9908916779926845,
    1.0850621504443032,
    1.2271154352596827,
    1.3125217386654444,
    1.2341337544577462,
    1.320913485118321,
    1.4522802914891924,
    1.4484146407672338,
    1.5272787468773978,
    1.3746767256941115,
    1.2653799653053284,
    1.4718928720269884,
    1.334295174905232,
    1.4100429841450282,
    1.3154581189155579,
    1.368404243673597,
    1.335275181702205,
    1.220548506293978,
    1.21192239012037
  ],
  "accuracy_curve": [
    0.8211009174311926,
    0.8084862385321101,
    0.7786697247706422,
    0.7775229357798165,
    0.7626146788990825,
    0.7878440366972477,
    0.7660550458715596,
    0.7465596330275229,
    0.7477064220183486,
    0.7511467889908257,
    0.7545871559633027,
    0.7729357798165137,
    0.7580275229357798,
    0.7591743119266054,
    0.7522935779816514,
    0.7694954128440367,
    0.7729357798165137,
    0.7798165137614679,
    0.7809633027522935,
    0.7981651376146789
  ]
}