{
  "final_accuracy": 0.8635321100917431,
  "final_f1": 0.8634011492058895,
  "final_loss": 0.6852030732801982,
  "avg_epoch_time": 115.76677896976472,
  "avg_throughput": 581.7976624777181,
  "grad_norm_variance": 0.004516461917528294,
  "loss_oscillation": 0.028453532215513843,
  "final_epsilon": 1.9960686336488676,
  "convergence_curve": [
    0.6559662116425378,
    0.6956961729696819,
    0.667898124882153,
    0.7023366647107261,
    0.6479244700499943,
    0.6548337915113994,
    0.6806474242891584,
    0.6666620591921466,
    0.7096645565969604,
    0.6989876957876342,
    0.6994439491203853,
    0.7020805541958127,
    0.7281052959816796,
    0.6836030674832207,
    0.743069514632225,
    0.719652567590986,
    0.6950330861977169,
    0.665791928768158,
    0.6350460009915488,
    0.6852030732801982
  ],
  "accuracy_curve": [
    0.8371559633027523,
    0.8440366972477065,
    0.8509174311926605,
    0.8543577981651376,
    0.8623853211009175,
    0.8600917431192661,
    0.8600917431192661,
    0.8669724770642202,
    0.8589449541284404,
    0.8623853211009175,
    0.8635321100917431,
    0.8612385321100917,
    0.8623853211009175,
    0.8669724770642202,
    0.8612385321100917,
    0.8692660550458715,
    0.8646788990825688,
    0.8669724770642202,
    0.8681192660550459,
    0.8635321100917431
  ]
}