{
  "final_accuracy": 0.8268348623853211,
  "final_f1": 0.8268328127568634,
  "final_loss": 0.5573665286813464,
  "avg_epoch_time": 47.510406625270846,
  "avg_throughput": 1419.5134127444744,
  "grad_norm_variance": 0.3393901868543606,
  "loss_oscillation": 0.0030683049248245143,
  "final_epsilon": 7.99222511195344,
  "convergence_curve": [
    0.5958965527159827,
    0.43733614683151245,
    0.44486719157014576,
    0.46166511944362093,
    0.47353543766907286,
    0.4831385889223644,
    0.49691986186163767,
    0.5090324027197701,
    0.5142621440546853,
    0.5186212552445275,
    0.523871870977538,
    0.5323765661035266,
    0.5349010165248599,
    0.5406164633376258,
    0.5460407350744519,
    0.5496754752738136,
    0.5496924583400998,
    0.5525619366339275,
    0.5554162412881851,
    0.5573665286813464
  ],
  "accuracy_curve": [
    0.6399082568807339,
    0.8073394495412844,
    0.8153669724770642,
    0.819954128440367,
    0.8256880733944955,
    0.8245412844036697,
    0.8211009174311926,
    0.8188073394495413,
    0.819954128440367,
    0.823394495412844,
    0.8256880733944955,
    0.8176605504587156,
    0.8279816513761468,
    0.8268348623853211,
    0.8211009174311926,
    0.823394495412844,
    0.8222477064220184,
    0.8245412844036697,
    0.8256880733944955,
    0.8268348623853211
  ]
}