{
  "final_accuracy": 0.8405963302752294,
  "final_f1": 0.8405608939576303,
  "final_loss": 0.7337151510374886,
  "avg_epoch_time": 115.47660160064697,
  "avg_throughput": 583.2451912070248,
  "grad_norm_variance": 0.0055221167425156415,
  "loss_oscillation": 0.012486786694638012,
  "final_epsilon": 0.49522563080892645,
  "convergence_curve": [
    0.6540304720401764,
    0.7102376839944294,
    0.687187311904771,
    0.72393770303045,
    0.6665649307625634,
    0.6822147603545871,
    0.7097922712564468,
    0.7134689773832049,
    0.7523908061640603,
    0.7361377349921635,
    0.7349775901862553,
    0.7734889984130859,
    0.7716477683612278,
    0.7396034193890435,
    0.7973263689449855,
    0.7353075827871051,
    0.7203882698501859,
    0.7280309966632298,
    0.7010100164583751,
    0.7337151510374886
  ],
  "accuracy_curve": [
    0.838302752293578,
    0.8325688073394495,
    0.8394495412844036,
    0.8405963302752294,
    0.8497706422018348,
    0.8509174311926605,
    0.856651376146789,
    0.8520642201834863,
    0.8440366972477065,
    0.8440366972477065,
    0.8532110091743119,
    0.8497706422018348,
    0.8509174311926605,
    0.8394495412844036,
    0.8405963302752294,
    0.8532110091743119,
    0.8497706422018348,
    0.8509174311926605,
    0.8520642201834863,
    0.8405963302752294
  ]
}