{
  "final_accuracy": 0.8279816513761468,
  "final_f1": 0.8279780316899186,
  "final_loss": 0.5494689792394638,
  "avg_epoch_time": 54.218554854393005,
  "avg_throughput": 1242.629429839966,
  "grad_norm_variance": 0.3961554446783525,
  "loss_oscillation": 0.003653331698591726,
  "final_epsilon": 3.993677572322581,
  "convergence_curve": [
    0.6875306410448891,
    0.4442075129066195,
    0.44022822805813383,
    0.45298334104674204,
    0.4644051343202591,
    0.47276563729558674,
    0.4862146718161447,
    0.49819536932877134,
    0.5034296342304775,
    0.5080440385001046,
    0.5133195413010461,
    0.5219634558473315,
    0.5246997752359935,
    0.5305832262550082,
    0.536090727363314,
    0.5400111164365496,
    0.5406071203095573,
    0.5436985939741135,
    0.5470755738871438,
    0.5494689792394638
  ],
  "accuracy_curve": [
    0.5745412844036697,
    0.7889908256880734,
    0.8119266055045872,
    0.8188073394495413,
    0.8245412844036697,
    0.8222477064220184,
    0.8222477064220184,
    0.8188073394495413,
    0.8211009174311926,
    0.819954128440367,
    0.823394495412844,
    0.8176605504587156,
    0.8268348623853211,
    0.8291284403669725,
    0.8222477064220184,
    0.8222477064220184,
    0.8245412844036697,
    0.823394495412844,
    0.8245412844036697,
    0.8279816513761468
  ]
}