{
  "final_accuracy": 0.8635321100917431,
  "final_f1": 0.8633363844092217,
  "final_loss": 0.6799792008740562,
  "avg_epoch_time": 115.32672650814057,
  "avg_throughput": 584.0004986969382,
  "grad_norm_variance": 0.004493690662727646,
  "loss_oscillation": 0.030850054850351537,
  "final_epsilon": 3.993677572322581,
  "convergence_curve": [
    0.6547368488141468,
    0.6894876126732145,
    0.6659000856535775,
    0.6944724544882774,
    0.6394277151141848,
    0.6476190414811883,
    0.6756960558039802,
    0.6537524679941791,
    0.7024119996598789,
    0.6921768039464951,
    0.691294959613255,
    0.6882935634681157,
    0.7222667836717197,
    0.6719825310366494,
    0.7335639021226338,
    0.7163202379431043,
    0.6943492697817939,
    0.658290330852781,
    0.6262878051825932,
    0.6799792008740562
  ],
  "accuracy_curve": [
    0.838302752293578,
    0.8497706422018348,
    0.8543577981651376,
    0.8577981651376146,
    0.8635321100917431,
    0.8635321100917431,
    0.8612385321100917,
    0.8658256880733946,
    0.8600917431192661,
    0.8669724770642202,
    0.8658256880733946,
    0.8635321100917431,
    0.8646788990825688,
    0.8646788990825688,
    0.8681192660550459,
    0.8704128440366973,
    0.8681192660550459,
    0.8692660550458715,
    0.8715596330275229,
    0.8635321100917431
  ]
}