{
  "final_accuracy": 0.8509174311926605,
  "final_f1": 0.8508224766416634,
  "final_loss": 0.6998406201601028,
  "avg_epoch_time": 117.82028895616531,
  "avg_throughput": 571.634707264225,
  "grad_norm_variance": 0.004785584693116738,
  "loss_oscillation": 0.02125658489629057,
  "final_epsilon": 0.9990724001887817,
  "convergence_curve": [
    0.656654132264001,
    0.7030810139008931,
    0.6743938390697751,
    0.7126302229506629,
    0.658504276403359,
    0.6652715706399509,
    0.6887740423636777,
    0.6837015918322972,
    0.7226978433983666,
    0.7093745938369206,
    0.7103410437703133,
    0.7257478471313205,
    0.7391257435083389,
    0.7030948996543884,
    0.7591851076909474,
    0.7228147344929832,
    0.6989621307168689,
    0.6839928925037384,
    0.6582569267068591,
    0.6998406201601028
  ],
  "accuracy_curve": [
    0.8348623853211009,
    0.8394495412844036,
    0.8463302752293578,
    0.8486238532110092,
    0.856651376146789,
    0.856651376146789,
    0.8577981651376146,
    0.8635321100917431,
    0.8543577981651376,
    0.856651376146789,
    0.8635321100917431,
    0.8532110091743119,
    0.8543577981651376,
    0.8577981651376146,
    0.856651376146789,
    0.8646788990825688,
    0.8658256880733946,
    0.8646788990825688,
    0.8555045871559633,
    0.8509174311926605
  ]
}