{
  "final_accuracy": 0.8188073394495413,
  "final_f1": 0.8187835072157246,
  "final_loss": 0.5043109208345413,
  "avg_epoch_time": 54.79351155757904,
  "avg_throughput": 1229.3058646407949,
  "grad_norm_variance": 0.7569227793188709,
  "loss_oscillation": 0.0054133477568938685,
  "final_epsilon": 0.49522563080892645,
  "convergence_curve": [
    1.1049543278557914,
    0.7635858356952667,
    0.5838111915758678,
    0.459524256842477,
    0.4389550983905792,
    0.43991398385592867,
    0.44579104227679117,
    0.4537837292466845,
    0.4573039093187877,
    0.46145170714174,
    0.4652061824287687,
    0.47285052069595884,
    0.4751295638935907,
    0.4806970975228718,
    0.48516087234020233,
    0.4894638423408781,
    0.49194287828036715,
    0.49546039530209135,
    0.5002905534846442,
    0.5043109208345413
  ],
  "accuracy_curve": [
    0.5091743119266054,
    0.5458715596330275,
    0.661697247706422,
    0.7775229357798165,
    0.805045871559633,
    0.8130733944954128,
    0.8176605504587156,
    0.8142201834862385,
    0.8188073394495413,
    0.8188073394495413,
    0.8211009174311926,
    0.8222477064220184,
    0.823394495412844,
    0.8222477064220184,
    0.819954128440367,
    0.819954128440367,
    0.8222477064220184,
    0.823394495412844,
    0.8176605504587156,
    0.8188073394495413
  ]
}