{
  "final_accuracy": 0.7580275229357798,
  "final_f1": 0.7568375881997667,
  "final_loss": 1.3702631677900041,
  "avg_epoch_time": 235.90707130432128,
  "avg_throughput": 285.4953912179154,
  "grad_norm_variance": 0.052162158073975465,
  "loss_oscillation": 0.061608803228780464,
  "final_epsilon": 0.49522563080892645,
  "convergence_curve": [
    0.9680847717182977,
    1.0808015508311135,
    1.1700263449123927,
    1.321997548852648,
    1.2986745195729392,
    1.413928632225309,
    1.4382135953222002,
    1.4848884344100952,
    1.5599152105195182,
    1.5450548018727983,
    1.456848953451429,
    1.3303195152963911,
    1.5993056893348694,
    1.4891386372702462,
    1.575401519026075,
    1.5132527436528886,
    1.5063548173223222,
    1.4902569481304713,
    1.387660997254508,
    1.3702631677900041
  ],
  "accuracy_curve": [
    0.7889908256880734,
    0.7775229357798165,
    0.768348623853211,
    0.7568807339449541,
    0.75,
    0.7431192660550459,
    0.7408256880733946,
    0.7305045871559633,
    0.7144495412844036,
    0.7236238532110092,
    0.7350917431192661,
    0.7362385321100917,
    0.7236238532110092,
    0.7465596330275229,
    0.7236238532110092,
    0.7327981651376146,
    0.7373853211009175,
    0.7408256880733946,
    0.7442660550458715,
    0.7580275229357798
  ]
}