{
  "final_accuracy": 0.8635321100917431,
  "final_f1": 0.8634672898057032,
  "final_loss": 0.5494398048945835,
  "avg_epoch_time": 65.8229277253151,
  "avg_throughput": 1023.2519769737715,
  "grad_norm_variance": 0.0188176819836764,
  "loss_oscillation": 0.015959390625765898,
  "final_epsilon": 3.993677572322581,
  "convergence_curve": [
    0.6594588352101189,
    0.6269620933703014,
    0.6027117903743472,
    0.6112541088036129,
    0.621870294213295,
    0.6097382360271045,
    0.597539348261697,
    0.591046611645392,
    0.5658062605985573,
    0.577488626752581,
    0.5721160753497055,
    0.5722822408590998,
    0.5752615242132119,
    0.5265289981450353,
    0.5242346482617515,
    0.5556117189782006,
    0.5130441242030689,
    0.5471567905374936,
    0.5558790458100182,
    0.5494398048945835
  ],
  "accuracy_curve": [
    0.819954128440367,
    0.8360091743119266,
    0.8371559633027523,
    0.8440366972477065,
    0.8463302752293578,
    0.8474770642201835,
    0.8577981651376146,
    0.856651376146789,
    0.8612385321100917,
    0.8635321100917431,
    0.8715596330275229,
    0.8692660550458715,
    0.8692660550458715,
    0.8715596330275229,
    0.8784403669724771,
    0.8681192660550459,
    0.8807339449541285,
    0.8692660550458715,
    0.8669724770642202,
    0.8635321100917431
  ]
}