{
  "final_accuracy": 0.7752293577981652,
  "final_f1": 0.774012016586274,
  "final_loss": 1.3177585686956133,
  "avg_epoch_time": 236.60269771814347,
  "avg_throughput": 284.6595713816711,
  "grad_norm_variance": 0.06190568553674204,
  "loss_oscillation": 0.05524444391336351,
  "final_epsilon": 0.9990724001887817,
  "convergence_curve": [
    0.9109911812203271,
    1.0637356170586176,
    1.1309067096029009,
    1.2891437198434557,
    1.3069683057921273,
    1.3542473316192627,
    1.4164505856377738,
    1.4996098620550973,
    1.4997980807508742,
    1.5618591564042228,
    1.408677237374442,
    1.3079429609434945,
    1.5741480929510934,
    1.4358117026942117,
    1.50670325756073,
    1.424136996269226,
    1.4525138863495417,
    1.430303386279515,
    1.3320990886007036,
    1.3177585686956133
  ],
  "accuracy_curve": [
    0.8027522935779816,
    0.7889908256880734,
    0.7786697247706422,
    0.7672018348623854,
    0.7580275229357798,
    0.7660550458715596,
    0.7522935779816514,
    0.7408256880733946,
    0.7270642201834863,
    0.7339449541284404,
    0.7477064220183486,
    0.7580275229357798,
    0.7396788990825688,
    0.7534403669724771,
    0.7339449541284404,
    0.7568807339449541,
    0.7477064220183486,
    0.7557339449541285,
    0.7488532110091743,
    0.7752293577981652
  ]
}