{
  "final_accuracy": 0.8497706422018348,
  "final_f1": 0.8497657027798711,
  "final_loss": 0.5901080178362983,
  "avg_epoch_time": 67.6053418636322,
  "avg_throughput": 996.6423489480185,
  "grad_norm_variance": 0.024658010955858112,
  "loss_oscillation": 0.014246811718152865,
  "final_epsilon": 0.49522563080892645,
  "convergence_curve": [
    0.6382621782166618,
    0.6383041569164821,
    0.6436200248343604,
    0.6248771590845925,
    0.6502095695052829,
    0.6344365626573563,
    0.614989270056997,
    0.6139570070164544,
    0.5832259144101825,
    0.5933821829301971,
    0.5916041774409158,
    0.6098879958902087,
    0.5948560855218342,
    0.5740113354154995,
    0.5566690372569221,
    0.577048836009843,
    0.5579004159995488,
    0.5916185538683619,
    0.597989056791578,
    0.5901080178362983
  ],
  "accuracy_curve": [
    0.5435779816513762,
    0.8153669724770642,
    0.8245412844036697,
    0.8302752293577982,
    0.8291284403669725,
    0.8337155963302753,
    0.8440366972477065,
    0.8405963302752294,
    0.8497706422018348,
    0.8486238532110092,
    0.8463302752293578,
    0.8520642201834863,
    0.8509174311926605,
    0.8463302752293578,
    0.8635321100917431,
    0.8612385321100917,
    0.8623853211009175,
    0.8532110091743119,
    0.8497706422018348,
    0.8497706422018348
  ]
}