{
  "final_accuracy": 0.8555045871559633,
  "final_f1": 0.855485581703679,
  "final_loss": 0.6180760296327727,
  "avg_epoch_time": 67.42055011987686,
  "avg_throughput": 999.3124966864337,
  "grad_norm_variance": 0.023907545702801035,
  "loss_oscillation": 0.012294847486071288,
  "final_epsilon": 3.993677572322581,
  "convergence_curve": [
    0.6826641687325069,
    0.6696507866893496,
    0.6287215862955365,
    0.6139034330844879,
    0.6220024206808635,
    0.6013655321938651,
    0.6058041197913033,
    0.5940369974289622,
    0.596718352820192,
    0.6029821102108274,
    0.6185974436146873,
    0.6032133975199291,
    0.6258146166801453,
    0.6090131817119462,
    0.599628073828561,
    0.6347569397517613,
    0.6204178141696113,
    0.6221576226609093,
    0.6509830866541181,
    0.6180760296327727
  ],
  "accuracy_curve": [
    0.8302752293577982,
    0.8348623853211009,
    0.8463302752293578,
    0.8486238532110092,
    0.8555045871559633,
    0.8658256880733946,
    0.8623853211009175,
    0.8600917431192661,
    0.8589449541284404,
    0.8577981651376146,
    0.8623853211009175,
    0.8646788990825688,
    0.8577981651376146,
    0.8532110091743119,
    0.8669724770642202,
    0.8623853211009175,
    0.8623853211009175,
    0.8635321100917431,
    0.8623853211009175,
    0.8555045871559633
  ]
}