{
  "final_accuracy": 0.8990825688073395,
  "final_f1": 0.899056549169416,
  "final_loss": 0.4330784838114466,
  "avg_epoch_time": 56.59189720153809,
  "avg_throughput": 1190.1568426219715,
  "grad_norm_variance": 0.0,
  "loss_oscillation": 0.017744488986699086,
  "final_epsilon": Infinity,
  "convergence_curve": [
    0.2570140042475292,
    0.26995041434253964,
    0.2557416946760246,
    0.275480398109981,
    0.27505001266087803,
    0.2870011345616409,
    0.2935951032808849,
    0.33930884594363825,
    0.3377156180462667,
    0.38441945027027813,
    0.3893184129680906,
    0.3548208488417523,
    0.45418531021901537,
    0.3845889946179731,
    0.4300673763666834,
    0.3791272576366152,
    0.40531756622450693,
    0.3932825294988496,
    0.4032798090151378,
    0.4330784838114466
  ],
  "accuracy_curve": [
    0.9013761467889908,
    0.8979357798165137,
    0.9151376146788991,
    0.8990825688073395,
    0.8979357798165137,
    0.908256880733945,
    0.8990825688073395,
    0.9002293577981652,
    0.8956422018348624,
    0.9013761467889908,
    0.8922018348623854,
    0.8899082568807339,
    0.8853211009174312,
    0.8910550458715596,
    0.8944954128440367,
    0.893348623853211,
    0.8922018348623854,
    0.8956422018348624,
    0.9071100917431193,
    0.8990825688073395
  ]
}