{
  "final_accuracy": 0.8211009174311926,
  "final_f1": 0.8210773868712218,
  "final_loss": 0.5279491671494075,
  "avg_epoch_time": 46.58450767993927,
  "avg_throughput": 1448.6201749509335,
  "grad_norm_variance": 0.5615387859669891,
  "loss_oscillation": 0.004810822061068417,
  "final_epsilon": 0.9990724001887817,
  "convergence_curve": [
    0.9143821043627602,
    0.5480981703315463,
    0.4584068123783384,
    0.43931466553892407,
    0.4464956969022751,
    0.4515724458864757,
    0.46283303626946043,
    0.4738440790346691,
    0.4784664639404842,
    0.48335748059409006,
    0.48809094727039337,
    0.49651212777410236,
    0.4994605758360454,
    0.5053827549730029,
    0.5106634753090995,
    0.5150122472218105,
    0.5166683686631066,
    0.520141635622297,
    0.5244907034294946,
    0.5279491671494075
  ],
  "accuracy_curve": [
    0.5126146788990825,
    0.6788990825688074,
    0.7809633027522935,
    0.8165137614678899,
    0.8130733944954128,
    0.8211009174311926,
    0.8211009174311926,
    0.8222477064220184,
    0.8211009174311926,
    0.823394495412844,
    0.823394495412844,
    0.8176605504587156,
    0.8222477064220184,
    0.823394495412844,
    0.8222477064220184,
    0.8245412844036697,
    0.823394495412844,
    0.8256880733944955,
    0.819954128440367,
    0.8211009174311926
  ]
}