{
  "final_accuracy": 0.8543577981651376,
  "final_f1": 0.8543484122130377,
  "final_loss": 0.6222026507769313,
  "avg_epoch_time": 67.90172773599625,
  "avg_throughput": 991.9420895033011,
  "grad_norm_variance": 0.02541026313859644,
  "loss_oscillation": 0.013568859142170242,
  "final_epsilon": 1.9960686336488676,
  "convergence_curve": [
    0.6790644824504852,
    0.6806100266320365,
    0.6407816367489951,
    0.6286676206759044,
    0.6344059961182731,
    0.6126616299152374,
    0.6112840792962483,
    0.5986794573920113,
    0.5986173887337957,
    0.603379528437342,
    0.6203772659812655,
    0.6106220377343041,
    0.6282760373183659,
    0.6131477036646434,
    0.6073139991079058,
    0.6355218078408923,
    0.6261228961603982,
    0.6269642774547849,
    0.6598381623625755,
    0.6222026507769313
  ],
  "accuracy_curve": [
    0.8256880733944955,
    0.8325688073394495,
    0.8394495412844036,
    0.8463302752293578,
    0.8577981651376146,
    0.8600917431192661,
    0.8623853211009175,
    0.8589449541284404,
    0.8577981651376146,
    0.8555045871559633,
    0.8577981651376146,
    0.8555045871559633,
    0.856651376146789,
    0.8486238532110092,
    0.8635321100917431,
    0.8600917431192661,
    0.8600917431192661,
    0.8623853211009175,
    0.8600917431192661,
    0.8543577981651376
  ]
}