{
  "final_accuracy": 0.8646788990825688,
  "final_f1": 0.8644478637522922,
  "final_loss": 0.6791543641260692,
  "avg_epoch_time": 117.16560556888581,
  "avg_throughput": 574.8304312934251,
  "grad_norm_variance": 0.004446325349401081,
  "loss_oscillation": 0.03248950819828346,
  "final_epsilon": 7.99222511195344,
  "convergence_curve": [
    0.6526507884263992,
    0.6832006786550794,
    0.6633386186191014,
    0.6860485885824475,
    0.6303293598549706,
    0.6427834810955184,
    0.6708440349570343,
    0.645068417170218,
    0.6969297357967922,
    0.6866135863321168,
    0.6827330823455539,
    0.6762192036424365,
    0.7165485875947135,
    0.6642478981188366,
    0.7293042370251247,
    0.711993219596999,
    0.6956820296389716,
    0.6498388264860425,
    0.6212445752961295,
    0.6791543641260692
  ],
  "accuracy_curve": [
    0.841743119266055,
    0.8486238532110092,
    0.8543577981651376,
    0.8600917431192661,
    0.8646788990825688,
    0.8646788990825688,
    0.8646788990825688,
    0.8727064220183486,
    0.8612385321100917,
    0.8704128440366973,
    0.8669724770642202,
    0.8635321100917431,
    0.8669724770642202,
    0.8681192660550459,
    0.8704128440366973,
    0.8738532110091743,
    0.8646788990825688,
    0.8692660550458715,
    0.8727064220183486,
    0.8646788990825688
  ]
}