{
  "final_accuracy": 0.8451834862385321,
  "final_f1": 0.8451816537892487,
  "final_loss": 0.6558140250188964,
  "avg_epoch_time": 65.56489273309708,
  "avg_throughput": 1027.3740489431352,
  "grad_norm_variance": 0.031056783729501474,
  "loss_oscillation": 0.01429185675697406,
  "final_epsilon": 0.49522563080892645,
  "convergence_curve": [
    0.48574498508657726,
    0.7028000737939563,
    0.6783151477575302,
    0.6778125635215214,
    0.6763851536171777,
    0.6613589567797524,
    0.6455781502383096,
    0.6320667394569942,
    0.6293374683175769,
    0.626347228884697,
    0.6327040323189327,
    0.6431007800357682,
    0.6413915157318115,
    0.6297806426882744,
    0.6404229317392621,
    0.6591415735227721,
    0.6572468259504863,
    0.6502821168729237,
    0.6905801679406848,
    0.6558140250188964
  ],
  "accuracy_curve": [
    0.8211009174311926,
    0.8256880733944955,
    0.8245412844036697,
    0.8371559633027523,
    0.8451834862385321,
    0.8474770642201835,
    0.8497706422018348,
    0.8451834862385321,
    0.8486238532110092,
    0.8555045871559633,
    0.856651376146789,
    0.8474770642201835,
    0.8474770642201835,
    0.8428899082568807,
    0.8474770642201835,
    0.8474770642201835,
    0.8428899082568807,
    0.8509174311926605,
    0.8463302752293578,
    0.8451834862385321
  ]
}