{
  "final_accuracy": 0.8520642201834863,
  "final_f1": 0.8520593561725449,
  "final_loss": 0.6330206372908184,
  "avg_epoch_time": 63.543467056751254,
  "avg_throughput": 1059.9368896486912,
  "grad_norm_variance": 0.027661976877255846,
  "loss_oscillation": 0.014333789121810827,
  "final_epsilon": 0.9990724001887817,
  "convergence_curve": [
    0.6601464258772987,
    0.6920850787843976,
    0.6567826185907636,
    0.6478331791503089,
    0.6500493586063385,
    0.6297911895172936,
    0.6209928244352341,
    0.6089679620095662,
    0.6053076961210796,
    0.6075719882334981,
    0.622484198638371,
    0.6229620043720517,
    0.6322565461908068,
    0.6187248198049409,
    0.6198499607188361,
    0.6419145848069873,
    0.6358043934617724,
    0.6356291047164372,
    0.6716752158743995,
    0.6330206372908184
  ],
  "accuracy_curve": [
    0.8222477064220184,
    0.8314220183486238,
    0.8337155963302753,
    0.8474770642201835,
    0.8497706422018348,
    0.8555045871559633,
    0.856651376146789,
    0.8543577981651376,
    0.8577981651376146,
    0.8555045871559633,
    0.8577981651376146,
    0.8509174311926605,
    0.8555045871559633,
    0.8486238532110092,
    0.856651376146789,
    0.8520642201834863,
    0.8532110091743119,
    0.8543577981651376,
    0.8532110091743119,
    0.8520642201834863
  ]
}