{
  "final_accuracy": 0.7798165137614679,
  "final_f1": 0.7786977555714172,
  "final_loss": 1.2890874232564653,
  "avg_epoch_time": 237.0273234605789,
  "avg_throughput": 284.14443223185054,
  "grad_norm_variance": 0.06609375102433548,
  "loss_oscillation": 0.05639355071066113,
  "final_epsilon": 1.9960686336488676,
  "convergence_curve": [
    0.8792477058512824,
    1.0459550278527396,
    1.1098179476601737,
    1.2649992619241988,
    1.3113602910723006,
    1.3072962718350547,
    1.3878207973071508,
    1.4894756249019079,
    1.479943803378514,
    1.5509944472994124,
    1.3949902611119407,
    1.291528480393546,
    1.5329881055014474,
    1.39133882522583,
    1.4593700766563416,
    1.3771872988768987,
    1.417864671775273,
    1.3979646137782507,
    1.2822740844317846,
    1.2890874232564653
  ],
  "accuracy_curve": [
    0.8107798165137615,
    0.7970183486238532,
    0.7844036697247706,
    0.7706422018348624,
    0.7614678899082569,
    0.7752293577981652,
    0.7522935779816514,
    0.7385321100917431,
    0.7396788990825688,
    0.7431192660550459,
    0.7511467889908257,
    0.7614678899082569,
    0.7477064220183486,
    0.7557339449541285,
    0.7408256880733946,
    0.7626146788990825,
    0.7557339449541285,
    0.7706422018348624,
    0.7637614678899083,
    0.7798165137614679
  ]
}