{
  "final_accuracy": 0.8543577981651376,
  "final_f1": 0.8543346184149432,
  "final_loss": 0.5709906050137111,
  "avg_epoch_time": 63.21815274953842,
  "avg_throughput": 1065.3948608907372,
  "grad_norm_variance": 0.022231594075925794,
  "loss_oscillation": 0.014180079733296545,
  "final_epsilon": 0.9990724001887817,
  "convergence_curve": [
    0.5580396567072187,
    0.649742203099387,
    0.6283764094114304,
    0.6183639871222633,
    0.6378014321838107,
    0.6204384565353394,
    0.6036889946886471,
    0.5975766011646816,
    0.5687280126980373,
    0.5835809675710542,
    0.585465322647776,
    0.5941714665719441,
    0.5853645130991936,
    0.5516997394817216,
    0.5406646685940879,
    0.5703089854546955,
    0.5378459564277104,
    0.5707324509109769,
    0.5781503511326653,
    0.5709906050137111
  ],
  "accuracy_curve": [
    0.8073394495412844,
    0.8222477064220184,
    0.8314220183486238,
    0.8394495412844036,
    0.8394495412844036,
    0.8474770642201835,
    0.8520642201834863,
    0.8509174311926605,
    0.856651376146789,
    0.8577981651376146,
    0.8635321100917431,
    0.8577981651376146,
    0.8600917431192661,
    0.8600917431192661,
    0.8715596330275229,
    0.8646788990825688,
    0.8738532110091743,
    0.8612385321100917,
    0.8589449541284404,
    0.8543577981651376
  ]
}