{
  "final_accuracy": 0.8245412844036697,
  "final_f1": 0.8245355154604601,
  "final_loss": 0.5406407053981509,
  "avg_epoch_time": 54.439251160621644,
  "avg_throughput": 1237.3631343951142,
  "grad_norm_variance": 0.4620270103878383,
  "loss_oscillation": 0.004197213390399,
  "final_epsilon": 1.9960686336488676,
  "convergence_curve": [
    0.7862325097833361,
    0.4703651134456907,
    0.4405439091580255,
    0.4454905412026814,
    0.4559428478990282,
    0.46295121950762613,
    0.4757362710578101,
    0.4874156543186733,
    0.49249069818428587,
    0.4972914457321167,
    0.5024177836520332,
    0.5110338372843606,
    0.5139447663511548,
    0.5199013991015298,
    0.5253881705658776,
    0.5295587245907102,
    0.5306453555822372,
    0.5339185893535614,
    0.5377806403807232,
    0.5406407053981509
  ],
  "accuracy_curve": [
    0.5378440366972477,
    0.7694954128440367,
    0.8004587155963303,
    0.8153669724770642,
    0.8188073394495413,
    0.8211009174311926,
    0.8279816513761468,
    0.823394495412844,
    0.8245412844036697,
    0.8211009174311926,
    0.8211009174311926,
    0.8165137614678899,
    0.8245412844036697,
    0.8256880733944955,
    0.8256880733944955,
    0.8256880733944955,
    0.8268348623853211,
    0.8256880733944955,
    0.8245412844036697,
    0.8245412844036697
  ]
}