{
  "final_accuracy": 0.8715596330275229,
  "final_f1": 0.8714453447903668,
  "final_loss": 0.5416583631719861,
  "avg_epoch_time": 65.62800492048264,
  "avg_throughput": 1027.7685323303826,
  "grad_norm_variance": 0.017461810970347554,
  "loss_oscillation": 0.017603714465183353,
  "final_epsilon": 7.99222511195344,
  "convergence_curve": [
    0.6654280786003385,
    0.612834728189877,
    0.5944172739982605,
    0.6094854686941419,
    0.6142627692648343,
    0.6052167383687836,
    0.5914268488330501,
    0.5882137380540371,
    0.5633152819105557,
    0.5734979057950633,
    0.5626045561262539,
    0.5608993928347316,
    0.5675927932773318,
    0.5151402524539402,
    0.5157052257231304,
    0.5464532556278365,
    0.49858799896069933,
    0.5332258040351527,
    0.5434771201440266,
    0.5416583631719861
  ],
  "accuracy_curve": [
    0.8188073394495413,
    0.841743119266055,
    0.8451834862385321,
    0.8440366972477065,
    0.8486238532110092,
    0.8509174311926605,
    0.8600917431192661,
    0.8577981651376146,
    0.8635321100917431,
    0.8681192660550459,
    0.8715596330275229,
    0.8738532110091743,
    0.8704128440366973,
    0.8761467889908257,
    0.8772935779816514,
    0.8681192660550459,
    0.8795871559633027,
    0.8681192660550459,
    0.8681192660550459,
    0.8715596330275229
  ]
}