{
  "final_accuracy": 0.8577981651376146,
  "final_f1": 0.8577861952861954,
  "final_loss": 0.615226282605103,
  "avg_epoch_time": 63.471653032302854,
  "avg_throughput": 1061.159750783722,
  "grad_norm_variance": 0.022769050909673995,
  "loss_oscillation": 0.01134181867023868,
  "final_epsilon": 7.99222511195344,
  "convergence_curve": [
    0.6814832772527423,
    0.6547242019857679,
    0.6155126414128712,
    0.5991735916052546,
    0.6119071692228317,
    0.590840781373637,
    0.6018567766462054,
    0.591565089566367,
    0.5962700194546154,
    0.6023718991449901,
    0.615026267511504,
    0.5955105434570994,
    0.6238777701343808,
    0.6070161589554378,
    0.5947660441909518,
    0.6367711211953845,
    0.6166378440601485,
    0.6205607556871006,
    0.6431750772254807,
    0.615226282605103
  ],
  "accuracy_curve": [
    0.8314220183486238,
    0.8348623853211009,
    0.8463302752293578,
    0.8532110091743119,
    0.8577981651376146,
    0.8635321100917431,
    0.8646788990825688,
    0.8577981651376146,
    0.8635321100917431,
    0.8612385321100917,
    0.8646788990825688,
    0.8727064220183486,
    0.8623853211009175,
    0.8600917431192661,
    0.875,
    0.8612385321100917,
    0.8658256880733946,
    0.8658256880733946,
    0.8646788990825688,
    0.8577981651376146
  ]
}