{
  "final_accuracy": 0.856651376146789,
  "final_f1": 0.8565968727593261,
  "final_loss": 0.5582924847091947,
  "avg_epoch_time": 68.90572543144226,
  "avg_throughput": 977.5573138301463,
  "grad_norm_variance": 0.02035878096541722,
  "loss_oscillation": 0.015195732501461131,
  "final_epsilon": 1.9960686336488676,
  "convergence_curve": [
    0.6388014107942581,
    0.6400753131934575,
    0.6140737001385007,
    0.6142185756138393,
    0.6296254066484315,
    0.6133656916873795,
    0.5997351780533791,
    0.5923831058400018,
    0.5659359730780125,
    0.5799437457961696,
    0.5780673825315067,
    0.5824061408638954,
    0.5797252495373998,
    0.5364520560417857,
    0.5314060407025474,
    0.5637021745954242,
    0.5246226862072945,
    0.5578850614173072,
    0.5668148579342025,
    0.5582924847091947
  ],
  "accuracy_curve": [
    0.8107798165137615,
    0.8256880733944955,
    0.8325688073394495,
    0.8440366972477065,
    0.8440366972477065,
    0.8463302752293578,
    0.8555045871559633,
    0.856651376146789,
    0.8589449541284404,
    0.8635321100917431,
    0.8681192660550459,
    0.8646788990825688,
    0.8704128440366973,
    0.8669724770642202,
    0.8772935779816514,
    0.8669724770642202,
    0.8772935779816514,
    0.8646788990825688,
    0.8635321100917431,
    0.856651376146789
  ]
}