{
  "final_accuracy": 0.9381578947368421,
  "final_f1": 0.9381525339825383,
  "final_loss": 0.23268439380859002,
  "avg_epoch_time": 206.88577387332916,
  "avg_throughput": 580.0304173144758,
  "grad_norm_variance": 0.0,
  "loss_oscillation": 0.011982496391462802,
  "final_epsilon": Infinity,
  "convergence_curve": [
    0.2000537916642277,
    0.1753771667595671,
    0.1685982992356064,
    0.17129765166079297,
    0.17655726063589589,
    0.16934010856041387,
    0.18202688393159575,
    0.18395532609722695,
    0.17909723399754832,
    0.1953124251185345,
    0.19846481047257655,
    0.19772069214084068,
    0.21919078639700634,
    0.23191188603733517,
    0.2264273067732819,
    0.22596684184332355,
    0.22886930892885732,
    0.25831060684794765,
    0.2279085234402358,
    0.23268439380859002
  ],
  "accuracy_curve": [
    0.9297368421052632,
    0.9411842105263157,
    0.9423684210526316,
    0.9410526315789474,
    0.9414473684210526,
    0.9465789473684211,
    0.9443421052631579,
    0.9448684210526316,
    0.9444736842105264,
    0.9415789473684211,
    0.9431578947368421,
    0.9447368421052632,
    0.9398684210526316,
    0.9444736842105264,
    0.9415789473684211,
    0.9426315789473684,
    0.9385526315789474,
    0.9419736842105263,
    0.9448684210526316,
    0.9381578947368421
  ]
}