{
  "final_accuracy": 0.8143421052631579,
  "final_f1": 0.8134252126696007,
  "final_loss": 1.4581644567621856,
  "avg_epoch_time": 851.0141096949577,
  "avg_throughput": 141.00955069310112,
  "grad_norm_variance": 0.05676446236569336,
  "loss_oscillation": 0.015610378967884343,
  "final_epsilon": 0.9916171320435544,
  "convergence_curve": [
    0.7978598158023938,
    0.9593101099403497,
    0.978695334444026,
    1.0974623638541758,
    1.178777025527313,
    1.2089062869047917,
    1.2004078195876433,
    1.3338894698800159,
    1.3194477648294272,
    1.3832432978293474,
    1.2926556700918854,
    1.3014975297851723,
    1.304946214461527,
    1.338158649556777,
    1.416694066103767,
    1.4805526518020309,
    1.4992061567907573,
    1.4591070924486433,
    1.483465897936781,
    1.4581644567621856
  ],
  "accuracy_curve": [
    0.871578947368421,
    0.8611842105263158,
    0.8509210526315789,
    0.8397368421052631,
    0.8343421052631579,
    0.829078947368421,
    0.8344736842105264,
    0.8189473684210526,
    0.8205263157894737,
    0.8157894736842105,
    0.8182894736842106,
    0.8193421052631579,
    0.8275,
    0.8275,
    0.8228947368421052,
    0.8173684210526316,
    0.8219736842105263,
    0.8136842105263158,
    0.8136842105263158,
    0.8143421052631579
  ]
}