{
  "final_accuracy": 0.8444736842105263,
  "final_f1": 0.8439474967233291,
  "final_loss": 1.378008597287811,
  "avg_epoch_time": 848.7286504507065,
  "avg_throughput": 141.38956337666127,
  "grad_norm_variance": 0.023004843076922056,
  "loss_oscillation": 0.049748046547720484,
  "final_epsilon": 7.9946974615803175,
  "convergence_curve": [
    0.7526036764283767,
    0.8998473980454258,
    0.9339537503591058,
    1.0249563535722364,
    1.072502954667356,
    1.0598158877687294,
    1.0851000478538144,
    1.2192477263322397,
    1.1737333215585275,
    1.2148051099116062,
    1.2092603708014769,
    1.1380795338699798,
    1.1788475290566933,
    1.2493289417328954,
    1.2331157031179476,
    1.330015935316807,
    1.257362796979792,
    1.318185916467875,
    1.2419510361026316,
    1.378008597287811
  ],
  "accuracy_curve": [
    0.8813157894736842,
    0.8740789473684211,
    0.8644736842105263,
    0.8602631578947368,
    0.849078947368421,
    0.8509210526315789,
    0.849078947368421,
    0.8423684210526315,
    0.8414473684210526,
    0.8457894736842105,
    0.8417105263157895,
    0.8476315789473684,
    0.8485526315789473,
    0.8460526315789474,
    0.845657894736842,
    0.8385526315789473,
    0.8493421052631579,
    0.8405263157894737,
    0.8515789473684211,
    0.8444736842105263
  ]
}